ID Calon Mahasiswa,NISN,NIK,Nama Calon Mahasiswa,Email,No Telepon,Agama,Alamat,Jenis Kelamin,Tempat Tanggal Lahir,Tahun Lulus,Asal Sekolah
CM000011,9410616157,3374686845514831,Sigit Hutapea,sigit.hutapea545@gmail.com,81845914499,Islam,"Jl. Hayam Wuruk No.171, RT 15/RW 09, Semarang, Jawa Tengah",Laki-laki,"Semarang, 11/04/2005",2022,SMA Negeri Al-Azhar Semarang
CM000016,565939194,1272462224088842,Okta Hasan,okta.hasan4046@gmail.com,83888244661,Islam,"Jl. Raya Utama No.8, RT 16/RW 04, Pematangsiantar, Sumatera Utara",Perempuan,"Pematangsiantar, 04/11/2004",2022,SMAN Nusantara Pematangsiantar
CM000026,462590193,8171845227597255,Irfan Putranto,irfan.putranto3974@gmail.com,81744398917,Islam,"Jl. Ahmad Yani No.122, RT 09/RW 05, Ambon, Maluku",Laki-laki,"Ambon, 10/11/2006",2020,SMAN Gajah Mada Ambon
CM000041,5053463730,1275261375365863,Nurul Sudirman,nurul.sudirman2473@gmail.com,89920474193,Islam,"Jl. Panglima Besar No.196, RT 01/RW 09, Medan, Sumatera Utara",Laki-laki,"Medan, 17/01/2005",2022,SMK Swasta 24 Medan
CM000042,8716395571,8172125507753637,Hadi Wardana,hadi.wardana6869@gmail.com,83114812119,Islam,"Jl. MT. Haryono No.157, RT 12/RW 01, Tual, Maluku",Laki-laki,"Tual, 24/12/2005",2022,MA Swasta 17 Tual
CM000064,8290520406,5108870585678556,Dani Lestari,dani.lestari2490@gmail.com,87771190077,Islam,"Jl. Teuku Umar No.96, RT 02/RW 02, Karangasem, Bali",Laki-laki,"Karangasem, 24/07/2005",2022,SMK Swasta Muhammadiyah Karangasem
CM000067,7119043459,1273189890556050,Zahra Septiani,zahra.septiani7783@gmail.com,85365494129,Islam,"Jl. Soekarno Hatta No.137, RT 13/RW 05, Binjai, Sumatera Utara",Perempuan,"Binjai, 17/08/2005",2022,MA Swasta 3 Binjai
CM000076,8683743706,3404420470724469,Aldi Wardana,aldi.wardana1743@gmail.com,89580894570,Islam,"Jl. Teuku Umar No.179, RT 16/RW 08, Sleman, DI Yogyakarta",Laki-laki,"Sleman, 17/06/2003",2022,MA Negeri 7 Sleman
CM000077,1092368731,1801054013246559,Dina Sinaga,dina.sinaga4712@gmail.com,85228716422,Islam,"Jl. RE. Martadinata No.84, RT 01/RW 07, Lampung Selatan, Lampung",Perempuan,"Lampung Selatan, 23/05/2003",2022,SMKN Muhammadiyah Lampung Selatan
CM000082,9785133650,5271204347678917,Hafiz Maulana,hafiz.maulana7154@gmail.com,85727735249,Kristen,"Jl. Soekarno Hatta No.85, RT 08/RW 09, Mataram, Nusa Tenggara Barat",Laki-laki,"Mataram, 12/02/2003",2022,MAN Islam Terpadu Mataram
CM000084,1531544372,6472568927204394,Yasmin Firmansyah,yasmin.firmansyah9444@gmail.com,87723903234,Islam,"Jl. Pahlawan No.165, RT 18/RW 09, Balikpapan, Kalimantan Timur",Perempuan,"Balikpapan, 24/10/2004",2022,MAN 23 Balikpapan
CM000090,6498140426,1872942324663617,Laras Santoso,laras.santoso5648@gmail.com,85679124345,Islam,"Jl. Hayam Wuruk No.141, RT 08/RW 01, Metro, Lampung",Perempuan,"Metro, 17/07/2006",2021,SMAN Terpadu Metro
CM000094,2881989350,3173426998908959,Naufal Purnomo,naufal.purnomo7877@gmail.com,81987526517,Islam,"Jl. Soekarno Hatta No.84, RT 07/RW 09, Jakarta Barat, DKI Jakarta",Laki-laki,"Jakarta Barat, 10/09/2003",2022,SMK Swasta Terpadu Jakarta Barat
CM000096,3614042436,3509253195418815,Endah Manurung,endah.manurung1243@gmail.com,87858862413,Islam,"Jl. Teuku Umar No.26, RT 20/RW 09, Jember, Jawa Timur",Perempuan,"Jember, 08/04/2005",2022,SMK Swasta Insan Kamil Jember
CM000105,3637288110,3673090788514694,Oki Prasetyo,oki.prasetyo7612@gmail.com,82232015164,Islam,"Jl. Sisingamangaraja No.60, RT 19/RW 02, Serang, Banten",Laki-laki,"Serang, 14/05/2007",2020,SMA Swasta 11 Serang
CM000109,6460096222,5171170648450336,Intan Lubis,intan.lubis3405@gmail.com,89953155310,Islam,"Jl. Brigjen Katamso No.10, RT 09/RW 06, Denpasar, Bali",Perempuan,"Denpasar, 05/03/2005",2022,SMAN 15 Denpasar
CM000113,2200272386,5171665417977784,Putra Kurniasih,putra.kurniasih6681@gmail.com,89730681537,Islam,"Jl. MT. Haryono No.23, RT 04/RW 10, Denpasar, Bali",Laki-laki,"Denpasar, 21/06/2005",2022,SMA Swasta 3 Denpasar
CM000115,9759638273,1373444089491632,Lukman Hartono,lukman.hartono7143@gmail.com,81286238688,Islam,"Jl. Sisingamangaraja No.166, RT 03/RW 10, Solok, Sumatera Barat",Laki-laki,"Solok, 15/07/2007",2020,SMAN Insan Kamil Solok
CM000118,8018955797,9471825053980173,Hafiz Sihombing,hafiz.sihombing1287@gmail.com,81731925474,Islam,"Jl. MT. Haryono No.133, RT 17/RW 02, Jayapura, Papua",Laki-laki,"Jayapura, 05/08/2004",2022,SMK Swasta 19 Jayapura
CM000121,8456889686,6402696076291229,Danang Santoso,danang.santoso3730@gmail.com,89779473604,Islam,"Jl. Pahlawan No.78, RT 04/RW 08, Kutai Kartanegara, Kalimantan Timur",Laki-laki,"Kutai Kartanegara, 21/10/2003",2022,SMAN 12 Kutai Kartanegara
CM000125,1773555371,8172626949898042,Joko Suharto,joko.suharto8831@gmail.com,83838210910,Islam,"Jl. Merdeka No.59, RT 03/RW 10, Tual, Maluku",Laki-laki,"Tual, 03/09/2004",2022,MA Swasta Muhammadiyah Tual
CM000133,7534015931,3671320282085938,Krisna Puspitasari,krisna.puspitasari9919@gmail.com,81634383941,Islam,"Jl. Sultan Agung No.150, RT 01/RW 03, Tangerang, Banten",Laki-laki,"Tangerang, 03/11/2005",2022,SMA Negeri 19 Tangerang
CM000142,1123303590,6472951122973920,Nurul Handayani,nurul.handayani9248@gmail.com,85686281493,Islam,"Jl. Imam Bonjol No.59, RT 09/RW 04, Balikpapan, Kalimantan Timur",Laki-laki,"Balikpapan, 25/05/2003",2022,SMKN Diponegoro Balikpapan
CM000143,1133989704,9271918103672526,Umar Mulyadi,umar.mulyadi5933@gmail.com,81698726854,Islam,"Jl. Gatot Subroto No.52, RT 12/RW 03, Sorong, Papua",Laki-laki,"Sorong, 28/04/2007",2020,MA Negeri Pancasila Sorong
CM000147,1554429511,1374261417921795,Olivia Safitri,olivia.safitri5237@gmail.com,85219568930,Islam,"Jl. Tentara Pelajar No.57, RT 13/RW 10, Payakumbuh, Sumatera Barat",Perempuan,"Payakumbuh, 25/09/2003",2022,SMA Swasta Cendekia Payakumbuh
CM000148,9672894411,1402625488054874,Wulan Oktavia,wulan.oktavia8096@gmail.com,82324828210,Islam,"Jl. MT. Haryono No.172, RT 05/RW 04, Bengkalis, Riau",Perempuan,"Bengkalis, 11/01/2003",2022,SMAN 24 Bengkalis
CM000161,1123095492,5102640096316585,Ilham Gunawan,ilham.gunawan5905@gmail.com,82352384587,Islam,"Jl. Teuku Umar No.137, RT 10/RW 08, Badung, Bali",Laki-laki,"Badung, 14/02/2004",2022,SMA Swasta Insan Kamil Badung
CM000163,5469409911,3573863932533962,Priska Wahyuningsih,priska.wahyuningsih832@gmail.com,89635236918,Katolik,"Jl. Gatot Subroto No.105, RT 05/RW 08, Malang, Jawa Timur",Perempuan,"Malang, 27/12/2005",2022,MA Swasta Kartini Malang
CM000186,5580467738,3171387166843380,Willy Lubis,willy.lubis1249@gmail.com,81475587967,Islam,"Jl. Ahmad Yani No.11, RT 06/RW 09, Jakarta Pusat, DKI Jakarta",Laki-laki,"Jakarta Pusat, 03/06/2004",2022,MA Negeri Diponegoro Jakarta Pusat
CM000187,5802826752,3171715266336416,Budi Wahyudi,budi.wahyudi551@gmail.com,81907450661,Islam,"Jl. Imam Bonjol No.42, RT 18/RW 06, Jakarta Pusat, DKI Jakarta",Laki-laki,"Jakarta Pusat, 17/08/2003",2022,SMA Negeri 24 Jakarta Pusat
CM000192,1695238026,6474448170768645,Galuh Ramadhani,galuh.ramadhani1932@gmail.com,82293950952,Islam,"Jl. MT. Haryono No.77, RT 10/RW 02, Bontang, Kalimantan Timur",Perempuan,"Bontang, 28/07/2003",2022,SMAN Plus Bontang
CM000203,8689768769,1471838226856901,Widya Wardana,widya.wardana9518@gmail.com,87731380324,Islam,"Jl. Panglima Besar No.56, RT 20/RW 04, Pekanbaru, Riau",Perempuan,"Pekanbaru, 16/03/2003",2022,SMK Swasta Al-Azhar Pekanbaru
CM000213,659079471,3175154093428960,Willy Andriani,willy.andriani2947@gmail.com,85325423794,Islam,"Jl. Tentara Pelajar No.176, RT 10/RW 04, Jakarta Timur, DKI Jakarta",Laki-laki,"Jakarta Timur, 17/11/2004",2022,SMK Swasta Ahmad Dahlan Jakarta Timur
CM000219,5295243690,8101746945456968,Budi Wahyuningsih,budi.wahyuningsih9605@gmail.com,85588722517,Islam,"Jl. Soekarno Hatta No.117, RT 07/RW 02, Maluku Tengah, Maluku",Laki-laki,"Maluku Tengah, 25/08/2005",2022,SMK Swasta 15 Maluku Tengah
CM000228,5592281949,9407281151031234,Hani Putranto,hani.putranto6186@gmail.com,81415258390,Islam,"Jl. Sultan Agung No.197, RT 06/RW 02, Mimika, Papua",Perempuan,"Mimika, 16/12/2003",2022,SMKN Harapan Bangsa Mimika
CM000229,414181183,8172832308627661,Andika Rasyid,andika.rasyid7370@gmail.com,89899232610,Islam,"Jl. Diponegoro No.60, RT 14/RW 07, Tual, Maluku",Laki-laki,"Tual, 19/02/2006",2020,SMA Swasta Kartini Tual
CM000240,6815384452,1271346798535061,Clara Lubis,clara.lubis3881@gmail.com,85605120085,Islam,"Jl. Veteran No.65, RT 09/RW 08, Sibolga, Sumatera Utara",Perempuan,"Sibolga, 01/09/2004",2022,SMKN Hasanuddin Sibolga
CM000242,3895192083,3202680312138337,Maya Ibrahim,maya.ibrahim6344@gmail.com,81885276623,Islam,"Jl. Pahlawan No.5, RT 03/RW 09, Sukabumi, Jawa Barat",Perempuan,"Sukabumi, 24/06/2003",2022,SMA Swasta 21 Sukabumi
CM000249,8545112398,1372556502185113,Nurul Pratama,nurul.pratama6580@gmail.com,87814454334,Islam,"Jl. Merdeka No.77, RT 02/RW 09, Bukittinggi, Sumatera Barat",Laki-laki,"Bukittinggi, 13/12/2004",2022,MA Swasta Diponegoro Bukittinggi
CM000250,6736790830,6402023288386741,Cahyo Lestari,cahyo.lestari9599@gmail.com,81627860760,Islam,"Jl. Panglima Besar No.86, RT 19/RW 09, Kutai Kartanegara, Kalimantan Timur",Laki-laki,"Kutai Kartanegara, 21/01/2004",2022,SMK Swasta Plus Kutai Kartanegara
CM000251,6251067803,1172352550915050,Guntur Gunawan,guntur.gunawan7395@gmail.com,85773627835,Islam,"Jl. Panglima Besar No.103, RT 08/RW 02, Lhokseumawe, Aceh",Laki-laki,"Lhokseumawe, 14/07/2007",2020,SMK Swasta Nusantara Lhokseumawe
CM000282,3550483665,3672262143930230,Hana Oktaviani,hana.oktaviani6377@gmail.com,83143488370,Islam,"Jl. Hayam Wuruk No.15, RT 05/RW 01, Cilegon, Banten",Perempuan,"Cilegon, 02/06/2004",2020,MAN 5 Cilegon
CM000305,2928579636,1272367023900170,Elsa Mulyadi,elsa.mulyadi2195@gmail.com,81360218564,Islam,"Jl. MT. Haryono No.30, RT 06/RW 05, Pematangsiantar, Sumatera Utara",Perempuan,"Pematangsiantar, 05/02/2004",2022,MAN 6 Pematangsiantar
CM000307,2063747994,8172704931672155,Vivi Budiman,vivi.budiman5567@gmail.com,83145456578,Islam,"Jl. Hayam Wuruk No.180, RT 06/RW 06, Tual, Maluku",Perempuan,"Tual, 27/08/2004",2022,SMAN 2 Tual
CM000326,4048722869,3402942578305397,Udin Prasetyo,udin.prasetyo46@gmail.com,83138970255,Islam,"Jl. Pemuda No.95, RT 10/RW 05, Bantul, DI Yogyakarta",Laki-laki,"Bantul, 21/08/2004",2022,MA Negeri 2 Bantul
CM000329,5921039215,1872926178559303,Ferry Anggraini,ferry.anggraini9099@gmail.com,89689666345,Islam,"Jl. Hayam Wuruk No.53, RT 06/RW 10, Metro, Lampung",Laki-laki,"Metro, 24/09/2004",2022,MA Negeri 17 Metro
CM000341,4289876337,1871225814412685,Danang Suryadi,danang.suryadi6537@gmail.com,81162922355,Islam,"Jl. Pahlawan No.96, RT 16/RW 08, Bandar Lampung, Lampung",Laki-laki,"Bandar Lampung, 14/08/2005",2022,SMA Negeri 13 Bandar Lampung
CM000344,1976265819,3171417675802309,Amelia Azzahra,amelia.azzahra2746@gmail.com,83835931276,Katolik,"Jl. Sudirman No.125, RT 03/RW 05, Jakarta Pusat, DKI Jakarta",Perempuan,"Jakarta Pusat, 09/06/2003",2022,MAN 4 Jakarta Pusat
CM000345,3484284708,1275890987327286,Naufal Iskandar,naufal.iskandar8316@gmail.com,82263723219,Islam,"Jl. MT. Haryono No.80, RT 18/RW 08, Medan, Sumatera Utara",Laki-laki,"Medan, 07/11/2005",2022,MA Swasta Cendekia Medan
CM000350,1681324049,3404082877043959,Yoga Prasetyo,yoga.prasetyo1416@gmail.com,81449007534,Islam,"Jl. Brigjen Katamso No.52, RT 16/RW 05, Sleman, DI Yogyakarta",Laki-laki,"Sleman, 28/12/2004",2022,MA Swasta 14 Sleman
CM000361,1908150692,3201860524157807,Dwita Puspitasari,dwita.puspitasari361@gmail.com,88198902414,Islam,"Jl. Cut Nyak Dien No.45, RT 10/RW 08, Bogor, Jawa Barat",Perempuan,"Bogor, 18/07/2003",2022,SMAN Diponegoro Bogor
CM000364,9770512512,8171928722335147,Udin Handayani,udin.handayani6172@gmail.com,81722055237,Islam,"Jl. Raya Utama No.96, RT 20/RW 10, Ambon, Maluku",Laki-laki,"Ambon, 23/03/2004",2022,SMK Swasta Sudirman Ambon
CM000368,8022909554,7306812260614155,Nabila Hermawan,nabila.hermawan8516@gmail.com,81674124312,Islam,"Jl. Veteran No.40, RT 06/RW 08, Gowa, Sulawesi Selatan",Perempuan,"Gowa, 07/01/2003",2022,MAN Diponegoro Gowa
CM000385,1218004058,9471197441729228,Salsa Safitri,salsa.safitri3124@gmail.com,81306003994,Islam,"Jl. Imam Bonjol No.88, RT 16/RW 03, Jayapura, Papua",Perempuan,"Jayapura, 09/10/2003",2022,SMA Negeri Harapan Bangsa Jayapura
CM000389,6120368276,6471760703204089,Teguh Purnomo,teguh.purnomo4643@gmail.com,83855454707,Islam,"Jl. Pemuda No.69, RT 18/RW 09, Samarinda, Kalimantan Timur",Laki-laki,"Samarinda, 13/02/2004",2022,SMA Negeri Plus Samarinda
CM000393,5614324882,1371491719623402,Irwan Anggraini,irwan.anggraini4837@gmail.com,85523312260,Islam,"Jl. Imam Bonjol No.127, RT 10/RW 07, Padang, Sumatera Barat",Laki-laki,"Padang, 01/11/2005",2022,MAN Islam Terpadu Padang
CM000396,7524444441,3572814318123418,Guntur Handayani,guntur.handayani632@gmail.com,88152069223,Islam,"Jl. Raya Utama No.71, RT 07/RW 06, Blitar, Jawa Timur",Laki-laki,"Blitar, 27/07/2004",2022,SMA Negeri 23 Blitar
CM000407,5407392163,3278197358976697,Joko Purnomo,joko.purnomo2417@gmail.com,85299549468,Islam,"Jl. RE. Martadinata No.25, RT 04/RW 04, Tasikmalaya, Jawa Barat",Laki-laki,"Tasikmalaya, 06/02/2004",2022,MA Negeri 24 Tasikmalaya
CM000415,9820678705,3401138118121105,Vivi Yulianto,vivi.yulianto1326@gmail.com,82137645612,Islam,"Jl. Raya Utama No.155, RT 08/RW 02, Kulon Progo, DI Yogyakarta",Perempuan,"Kulon Progo, 01/05/2005",2022,SMKN 12 Kulon Progo
CM000417,7075489369,3172069679461975,Zainal Sihombing,zainal.sihombing9390@gmail.com,81744981074,Islam,"Jl. Sultan Agung No.121, RT 17/RW 05, Jakarta Utara, DKI Jakarta",Laki-laki,"Jakarta Utara, 22/01/2004",2022,SMK Negeri Harapan Bangsa Jakarta Utara
CM000422,4483210000,1374109483629640,Okta Andriani,okta.andriani8404@gmail.com,85870528118,Islam,"Jl. Panglima Besar No.161, RT 06/RW 09, Payakumbuh, Sumatera Barat",Perempuan,"Payakumbuh, 26/03/2003",2022,SMAN Cendekia Payakumbuh
CM000429,1716597064,6472603436772579,Rara Suryadi,rara.suryadi8238@gmail.com,88175829849,Islam,"Jl. Panglima Besar No.76, RT 14/RW 10, Balikpapan, Kalimantan Timur",Perempuan,"Balikpapan, 07/04/2004",2022,SMK Swasta Cendekia Balikpapan
CM000440,6522538114,1173553176847379,Endah Hakim,endah.hakim8379@gmail.com,85215306512,Islam,"Jl. Pahlawan No.90, RT 03/RW 04, Sabang, Aceh",Perempuan,"Sabang, 01/05/2004",2022,SMK Negeri 7 Sabang
CM000442,3282719768,3404748225794027,Bella Iskandar,bella.iskandar4510@gmail.com,81262735412,Kristen,"Jl. Tentara Pelajar No.176, RT 07/RW 01, Sleman, DI Yogyakarta",Perempuan,"Sleman, 12/03/2005",2022,SMK Swasta 23 Sleman
CM000445,5118074036,3172828943241319,Joko Oktaviani,joko.oktaviani1276@gmail.com,82116997215,Islam,"Jl. Ahmad Yani No.34, RT 04/RW 09, Jakarta Utara, DKI Jakarta",Laki-laki,"Jakarta Utara, 04/06/2005",2022,SMKN 24 Jakarta Utara
CM000451,9084986205,3402392203221210,Hafiz Permana,hafiz.permana3742@gmail.com,87750136384,Islam,"Jl. Teuku Umar No.63, RT 17/RW 02, Bantul, DI Yogyakarta",Laki-laki,"Bantul, 24/07/2005",2022,MA Swasta Cendekia Bantul
CM000453,9805622063,1371423161148186,Dwita Nuraini,dwita.nuraini7525@gmail.com,81539723336,Islam,"Jl. Imam Bonjol No.85, RT 06/RW 06, Padang, Sumatera Barat",Perempuan,"Padang, 28/08/2003",2022,MAN Sudirman Padang
CM000458,1793305318,5171282516123413,Budi Handayani,budi.handayani5903@gmail.com,87725906398,Islam,"Jl. Tentara Pelajar No.5, RT 03/RW 07, Denpasar, Bali",Laki-laki,"Denpasar, 14/02/2004",2022,SMA Negeri 1 Denpasar
CM000465,2896225531,3275850173962238,Umar Prasetyo,umar.prasetyo2126@gmail.com,81665303345,Islam,"Jl. Panglima Besar No.50, RT 18/RW 01, Bekasi, Jawa Barat",Laki-laki,"Bekasi, 02/02/2004",2022,SMK Negeri Unggulan Bekasi
CM000475,3904872021,9471621726140457,Intan Putranto,intan.putranto6675@gmail.com,82217050005,Islam,"Jl. Diponegoro No.101, RT 18/RW 04, Jayapura, Papua",Perempuan,"Jayapura, 24/08/2003",2022,SMAN Muhammadiyah Jayapura
CM000477,149917676,5271959234819632,Mirza Hartono,mirza.hartono8867@gmail.com,89823843429,Islam,"Jl. Pemuda No.5, RT 02/RW 01, Mataram, Nusa Tenggara Barat",Laki-laki,"Mataram, 20/10/2005",2022,SMKN Terpadu Mataram
CM000479,6429599970,3404761318551997,Danang Sinaga,danang.sinaga6689@gmail.com,88262244627,Islam,"Jl. Soekarno Hatta No.143, RT 04/RW 07, Sleman, DI Yogyakarta",Laki-laki,"Sleman, 13/09/2003",2022,MAN 3 Sleman
CM000481,2798906222,3376002208000269,Rahma Siregar,rahma.siregar6892@gmail.com,81755303729,Katolik,"Jl. Pemuda No.106, RT 01/RW 10, Tegal, Jawa Tengah",Perempuan,"Tegal, 27/08/2005",2022,SMK Swasta 19 Tegal
CM000484,2667086245,3173647681192981,Nurul Lestari,nurul.lestari9753@gmail.com,82143862699,Kristen,"Jl. Sisingamangaraja No.76, RT 07/RW 06, Jakarta Barat, DKI Jakarta",Laki-laki,"Jakarta Barat, 21/06/2003",2022,SMAN Diponegoro Jakarta Barat
CM000485,3069933905,3674643369189099,Zara Yulianto,zara.yulianto5337@gmail.com,81109220600,Islam,"Jl. Sultan Agung No.180, RT 16/RW 07, Tangerang Selatan, Banten",Perempuan,"Tangerang Selatan, 27/02/2003",2022,MA Swasta Terpadu Tangerang Selatan
CM000505,6003928398,1372234241048856,Umar Pratama,umar.pratama2017@gmail.com,81775513946,Islam,"Jl. Sisingamangaraja No.185, RT 14/RW 07, Bukittinggi, Sumatera Barat",Laki-laki,"Bukittinggi, 14/04/2005",2022,SMK Negeri Budi Utomo Bukittinggi
CM000514,4399788650,1801604859966619,Annisa Hartono,annisa.hartono1461@gmail.com,81922004810,Islam,"Jl. Pahlawan No.29, RT 14/RW 05, Lampung Selatan, Lampung",Perempuan,"Lampung Selatan, 28/06/2003",2022,MA Negeri Gajah Mada Lampung Selatan
CM000516,7754540861,3571326991789845,Tari Wahyudi,tari.wahyudi3719@gmail.com,89744026160,Islam,"Jl. Diponegoro No.198, RT 07/RW 04, Kediri, Jawa Timur",Perempuan,"Kediri, 03/08/2004",2022,SMAN Islam Terpadu Kediri
CM000527,7996221568,6474582281600023,Faisal Pratama,faisal.pratama5298@gmail.com,85638714506,Katolik,"Jl. Raya Utama No.112, RT 16/RW 04, Bontang, Kalimantan Timur",Laki-laki,"Bontang, 02/09/2004",2022,MAN 13 Bontang
CM000533,4322456378,5103431531149523,Erwin Iskandar,erwin.iskandar2424@gmail.com,85713845877,Islam,"Jl. RE. Martadinata No.163, RT 04/RW 08, Tabanan, Bali",Laki-laki,"Tabanan, 11/03/2005",2022,MAN Plus Tabanan
CM000538,5214900088,9471337987921067,Willy Salim,willy.salim7216@gmail.com,82363886356,Islam,"Jl. Raya Utama No.176, RT 20/RW 06, Jayapura, Papua",Laki-laki,"Jayapura, 24/05/2005",2022,SMA Negeri Kartini Jayapura
CM000539,6585521265,7174608683571247,Wulan Situmorang,wulan.situmorang4350@gmail.com,87741428137,Islam,"Jl. Sudirman No.101, RT 15/RW 03, Kotamobagu, Sulawesi Utara",Perempuan,"Kotamobagu, 26/03/2004",2022,MA Negeri Nusantara Kotamobagu
CM000546,6285323846,3574641584706022,Priska Hutapea,priska.hutapea3846@gmail.com,81559551842,Islam,"Jl. Sudirman No.149, RT 14/RW 04, Probolinggo, Jawa Timur",Perempuan,"Probolinggo, 17/06/2005",2022,SMA Swasta 19 Probolinggo
CM000555,6643986430,1174380722460100,Okvia Hasan,okvia.hasan7402@gmail.com,81764426014,Islam,"Jl. Sultan Agung No.176, RT 12/RW 02, Langsa, Aceh",Perempuan,"Langsa, 16/01/2003",2022,SMKN 19 Langsa
CM000559,4550572921,6472315084798370,Dwi Hartono,dwi.hartono2632@gmail.com,87779489071,Islam,"Jl. Veteran No.41, RT 15/RW 02, Balikpapan, Kalimantan Timur",Laki-laki,"Balikpapan, 09/07/2004",2020,SMK Negeri 15 Balikpapan
CM000573,1001426664,3171285642400986,Zaki Suharto,zaki.suharto2318@gmail.com,81817001796,Islam,"Jl. Pemuda No.22, RT 09/RW 09, Jakarta Pusat, DKI Jakarta",Laki-laki,"Jakarta Pusat, 01/01/2004",2022,SMK Swasta Pancasila Jakarta Pusat
CM000580,8119012383,1371117703511852,Rara Budiman,rara.budiman3270@gmail.com,85680652178,Islam,"Jl. Veteran No.140, RT 14/RW 01, Padang, Sumatera Barat",Perempuan,"Padang, 13/12/2003",2022,SMA Swasta 15 Padang
CM000584,9877488285,3373749673827345,Faisal Santoso,faisal.santoso1550@gmail.com,82355601543,Islam,"Jl. Gatot Subroto No.126, RT 17/RW 04, Salatiga, Jawa Tengah",Laki-laki,"Salatiga, 18/09/2004",2022,MA Swasta Islam Terpadu Salatiga
CM000587,7890328323,3674705321247856,Hafiz Andriani,hafiz.andriani6132@gmail.com,85235026536,Islam,"Jl. Gatot Subroto No.154, RT 06/RW 02, Tangerang Selatan, Banten",Laki-laki,"Tangerang Selatan, 26/02/2004",2022,SMKN Plus Tangerang Selatan
CM000602,1770051448,3576899000562041,Mirza Santoso,mirza.santoso9506@gmail.com,83100374214,Islam,"Jl. Sultan Agung No.98, RT 12/RW 09, Pasuruan, Jawa Timur",Laki-laki,"Pasuruan, 21/04/2004",2022,MAN Harapan Bangsa Pasuruan
CM000604,813342557,3672562550076593,Oscar Wardana,oscar.wardana1854@gmail.com,89532040823,Kristen,"Jl. Imam Bonjol No.81, RT 09/RW 02, Cilegon, Banten",Laki-laki,"Cilegon, 10/01/2004",2022,SMAN Gajah Mada Cilegon
CM000605,9925827315,3576143417519300,Danang Andriani,danang.andriani2553@gmail.com,81636954689,Kristen,"Jl. Soekarno Hatta No.46, RT 15/RW 03, Pasuruan, Jawa Timur",Laki-laki,"Pasuruan, 09/03/2003",2022,SMA Negeri 17 Pasuruan
CM000608,7648055248,7306191723454934,Windy Salim,windy.salim9089@gmail.com,89870786535,Islam,"Jl. Merdeka No.113, RT 10/RW 10, Gowa, Sulawesi Selatan",Perempuan,"Gowa, 01/11/2004",2022,SMK Negeri 13 Gowa
CM000610,1576338701,9407297683760173,Lina Sinaga,lina.sinaga7520@gmail.com,89501351921,Islam,"Jl. Pahlawan No.58, RT 06/RW 05, Mimika, Papua",Perempuan,"Mimika, 22/01/2003",2022,MA Negeri Muhammadiyah Mimika
CM000611,5095851574,6474176295213873,Dedy Lubis,dedy.lubis4793@gmail.com,87831047995,Islam,"Jl. Gatot Subroto No.147, RT 14/RW 10, Bontang, Kalimantan Timur",Laki-laki,"Bontang, 02/05/2005",2022,SMKN Plus Bontang
CM000614,2462871163,3375922681079262,Ayu Hutapea,ayu.hutapea5453@gmail.com,81744942130,Islam,"Jl. Merdeka No.194, RT 10/RW 04, Pekalongan, Jawa Tengah",Perempuan,"Pekalongan, 26/10/2005",2022,MA Swasta Kartini Pekalongan
CM000632,5758994832,1872078321179861,Xena Nugraha,xena.nugraha4648@gmail.com,82284634298,Islam,"Jl. Gatot Subroto No.11, RT 04/RW 08, Metro, Lampung",Perempuan,"Metro, 23/12/2005",2022,SMK Swasta 14 Metro
CM000635,9007361367,3402393906705168,Tika Mahendra,tika.mahendra695@gmail.com,85802908550,Islam,"Jl. Sisingamangaraja No.122, RT 06/RW 07, Bantul, DI Yogyakarta",Perempuan,"Bantul, 24/04/2005",2022,SMK Negeri Sudirman Bantul
CM000651,1622188546,3372138471072942,Tika Mulyadi,tika.mulyadi7950@gmail.com,85631988795,Islam,"Jl. Tentara Pelajar No.2, RT 09/RW 02, Surakarta, Jawa Tengah",Perempuan,"Surakarta, 17/03/2004",2022,SMKN 4 Surakarta
CM000655,4907715000,1471314781298175,Yusuf Lestari,yusuf.lestari3614@gmail.com,88187106540,Islam,"Jl. Panglima Besar No.154, RT 02/RW 03, Pekanbaru, Riau",Laki-laki,"Pekanbaru, 07/02/2007",2021,MA Negeri 12 Pekanbaru
CM000656,3685789914,5104862629269061,Ragil Firmansyah,ragil.firmansyah9857@gmail.com,89728587594,Islam,"Jl. Hayam Wuruk No.149, RT 08/RW 02, Gianyar, Bali",Laki-laki,"Gianyar, 10/09/2003",2022,SMK Negeri 14 Gianyar
CM000662,2789541429,1374197396096370,Dina Ramadhan,dina.ramadhan7954@gmail.com,82106514872,Islam,"Jl. Sudirman No.123, RT 01/RW 09, Payakumbuh, Sumatera Barat",Perempuan,"Payakumbuh, 18/02/2003",2022,SMK Swasta 13 Payakumbuh
CM000664,1584863417,3278415919712195,Nanda Nugraha,nanda.nugraha1937@gmail.com,89839649018,Islam,"Jl. Soekarno Hatta No.98, RT 17/RW 09, Tasikmalaya, Jawa Barat",Laki-laki,"Tasikmalaya, 08/03/2003",2022,SMA Negeri Al-Azhar Tasikmalaya
CM000665,3138141513,6402904299953959,Eka Pratama,eka.pratama2197@gmail.com,81663794097,Islam,"Jl. MT. Haryono No.97, RT 04/RW 01, Kutai Kartanegara, Kalimantan Timur",Perempuan,"Kutai Kartanegara, 01/09/2005",2022,SMK Swasta Islam Terpadu Kutai Kartanegara
CM000669,2852352351,3572426075339137,Bima Suryadi,bima.suryadi83@gmail.com,81711333895,Islam,"Jl. RE. Martadinata No.16, RT 16/RW 01, Blitar, Jawa Timur",Laki-laki,"Blitar, 23/06/2004",2022,SMA Negeri Unggulan Blitar
CM000671,5059322539,3173063848268851,Kartika Sihombing,kartika.sihombing551@gmail.com,81681741925,Islam,"Jl. Gatot Subroto No.186, RT 16/RW 09, Jakarta Barat, DKI Jakarta",Perempuan,"Jakarta Barat, 27/05/2003",2022,SMA Swasta 15 Jakarta Barat
CM000682,1761009703,9271719665132964,Taufik Oktaviani,taufik.oktaviani6363@gmail.com,81827881510,Islam,"Jl. MT. Haryono No.176, RT 19/RW 10, Sorong, Papua",Laki-laki,"Sorong, 13/11/2004",2022,MA Swasta Al-Azhar Sorong
CM000683,1800724162,8171802455699349,Yuni Suryadi,yuni.suryadi8424@gmail.com,87760624126,Hindu,"Jl. Sudirman No.183, RT 12/RW 04, Ambon, Maluku",Perempuan,"Ambon, 14/01/2004",2022,SMK Swasta Harapan Bangsa Ambon
CM000686,9446562390,1402866140937433,Rina Iskandar,rina.iskandar7208@gmail.com,85513571421,Islam,"Jl. Pahlawan No.139, RT 10/RW 10, Bengkalis, Riau",Perempuan,"Bengkalis, 20/07/2004",2022,SMA Negeri 21 Bengkalis
CM000693,2739393473,3375586221038421,Wahyu Lestari,wahyu.lestari7523@gmail.com,89588048131,Islam,"Jl. Teuku Umar No.99, RT 20/RW 04, Pekalongan, Jawa Tengah",Laki-laki,"Pekalongan, 19/04/2004",2021,SMA Negeri Muhammadiyah Pekalongan
CM000702,8718875157,3373593885792191,Widya Oktaviani,widya.oktaviani3384@gmail.com,89750592393,Islam,"Jl. Gatot Subroto No.1, RT 07/RW 04, Salatiga, Jawa Tengah",Perempuan,"Salatiga, 09/04/2003",2022,SMKN 19 Salatiga
CM000703,2387588593,1274159944920529,Willy Sihombing,willy.sihombing7759@gmail.com,88270709916,Islam,"Jl. Sudirman No.121, RT 12/RW 03, Tebing Tinggi, Sumatera Utara",Laki-laki,"Tebing Tinggi, 10/03/2005",2022,MA Negeri 2 Tebing Tinggi
CM000719,1349760546,7371993887479094,Erwin Soetomo,erwin.soetomo7312@gmail.com,89732670856,Islam,"Jl. Sudirman No.14, RT 18/RW 03, Makassar, Sulawesi Selatan",Laki-laki,"Makassar, 06/01/2003",2022,SMK Swasta Muhammadiyah Makassar
CM000721,3296157615,1273208047059420,Bagas Nugroho,bagas.nugroho3551@gmail.com,88208319063,Katolik,"Jl. Soekarno Hatta No.172, RT 19/RW 10, Binjai, Sumatera Utara",Laki-laki,"Binjai, 21/02/2003",2022,SMK Negeri 6 Binjai
CM000723,9895633670,5108966317165992,Guntur Sihombing,guntur.sihombing5436@gmail.com,87800011842,Islam,"Jl. Sudirman No.161, RT 12/RW 07, Karangasem, Bali",Laki-laki,"Karangasem, 04/12/2003",2022,SMK Swasta 16 Karangasem
CM000729,4690778062,6474482029246868,Citra Nasution,citra.nasution7038@gmail.com,88174733558,Islam,"Jl. Imam Bonjol No.180, RT 17/RW 03, Bontang, Kalimantan Timur",Perempuan,"Bontang, 02/11/2004",2022,SMA Negeri 23 Bontang
CM000730,8927747899,8101500050142582,Elsa Halim,elsa.halim3192@gmail.com,89886594419,Islam,"Jl. Cut Nyak Dien No.134, RT 11/RW 08, Maluku Tengah, Maluku",Perempuan,"Maluku Tengah, 18/04/2004",2022,SMK Swasta 17 Maluku Tengah
CM000734,7394146197,3274670778545198,Indah Septiani,indah.septiani4747@gmail.com,81974546217,Islam,"Jl. Imam Bonjol No.66, RT 05/RW 08, Cirebon, Jawa Barat",Perempuan,"Cirebon, 21/04/2005",2022,MA Negeri 9 Cirebon
CM000738,2017890781,3278161662451487,Hani Wahyudi,hani.wahyudi360@gmail.com,83125720337,Islam,"Jl. Brigjen Katamso No.132, RT 04/RW 03, Tasikmalaya, Jawa Barat",Perempuan,"Tasikmalaya, 24/09/2003",2022,SMKN Kartini Tasikmalaya
CM000739,4425274496,3174530897949227,Indah Puspitasari,indah.puspitasari3398@gmail.com,85847343478,Islam,"Jl. RE. Martadinata No.22, RT 15/RW 03, Jakarta Selatan, DKI Jakarta",Perempuan,"Jakarta Selatan, 25/12/2004",2022,SMKN Nusantara Jakarta Selatan
CM000743,3501991083,1401542810418917,Surya Sulistyowati,surya.sulistyowati1263@gmail.com,85805356356,Islam,"Jl. Teuku Umar No.153, RT 15/RW 02, Kampar, Riau",Laki-laki,"Kampar, 13/10/2005",2022,MA Negeri 7 Kampar
CM000755,8239047030,3573169709648052,Zainal Gunawan,zainal.gunawan157@gmail.com,81180509333,Islam,"Jl. Soekarno Hatta No.155, RT 05/RW 03, Malang, Jawa Timur",Laki-laki,"Malang, 02/01/2006",2021,SMKN 15 Malang
CM000759,977632507,1371915897202443,Bagas Wardana,bagas.wardana614@gmail.com,87730257480,Islam,"Jl. Cut Nyak Dien No.106, RT 02/RW 06, Padang, Sumatera Barat",Laki-laki,"Padang, 25/05/2007",2021,MA Negeri Kartini Padang
CM000760,8649179842,1871356236043948,Maya Pamungkas,maya.pamungkas9035@gmail.com,81113178890,Islam,"Jl. Tentara Pelajar No.51, RT 03/RW 01, Bandar Lampung, Lampung",Perempuan,"Bandar Lampung, 23/10/2007",2020,MAN Cendekia Bandar Lampung
CM000762,937212347,1272558068214660,Eka Suharto,eka.suharto4120@gmail.com,83800115123,Islam,"Jl. RE. Martadinata No.186, RT 01/RW 06, Pematangsiantar, Sumatera Utara",Perempuan,"Pematangsiantar, 02/08/2003",2022,SMK Swasta Muhammadiyah Pematangsiantar
CM000773,680166388,5102886674397517,Rina Salim,rina.salim2341@gmail.com,82393097027,Kristen,"Jl. Pemuda No.60, RT 04/RW 03, Badung, Bali",Perempuan,"Badung, 13/03/2005",2022,MA Swasta 12 Badung
CM000779,6787346704,1274643294895340,Tika Handayani,tika.handayani5864@gmail.com,89505350988,Islam,"Jl. Diponegoro No.3, RT 01/RW 04, Tebing Tinggi, Sumatera Utara",Perempuan,"Tebing Tinggi, 17/03/2005",2022,MA Swasta 20 Tebing Tinggi
CM000781,4281797504,1871689832826889,Cahaya Pratama,cahaya.pratama6225@gmail.com,85504069982,Islam,"Jl. Gatot Subroto No.19, RT 06/RW 02, Bandar Lampung, Lampung",Perempuan,"Bandar Lampung, 24/02/2004",2022,SMAN Ahmad Dahlan Bandar Lampung
CM000783,1882177807,7308792324283805,Zara Ardiansyah,zara.ardiansyah2089@gmail.com,83158036649,Islam,"Jl. Veteran No.177, RT 15/RW 05, Bone, Sulawesi Selatan",Perempuan,"Bone, 09/12/2005",2022,MA Swasta Cendekia Bone
CM000786,6244172013,3202612310202780,Gita Sudirman,gita.sudirman5923@gmail.com,81551034230,Islam,"Jl. MT. Haryono No.198, RT 12/RW 06, Sukabumi, Jawa Barat",Perempuan,"Sukabumi, 02/04/2004",2022,MA Swasta Harapan Bangsa Sukabumi
CM000789,1752052854,5272267680596742,Zara Kusuma,zara.kusuma7236@gmail.com,85852482019,Islam,"Jl. Veteran No.194, RT 05/RW 05, Bima, Nusa Tenggara Barat",Perempuan,"Bima, 07/12/2003",2022,SMAN Muhammadiyah Bima
CM000791,6906537538,1471435783811806,Bunga Wibowo,bunga.wibowo5133@gmail.com,81372570073,Islam,"Jl. Raya Utama No.113, RT 09/RW 05, Pekanbaru, Riau",Perempuan,"Pekanbaru, 24/12/2004",2022,SMK Negeri 21 Pekanbaru
CM000792,8986094784,7371700664411514,Ika Wijaya,ika.wijaya99@gmail.com,81531955200,Islam,"Jl. Imam Bonjol No.133, RT 05/RW 03, Makassar, Sulawesi Selatan",Perempuan,"Makassar, 27/04/2004",2022,MA Negeri Insan Kamil Makassar
CM000794,9142603225,3673772014162360,Gita Mulyadi,gita.mulyadi795@gmail.com,85506616042,Kristen,"Jl. Pemuda No.12, RT 13/RW 10, Serang, Banten",Perempuan,"Serang, 22/01/2005",2022,SMA Swasta Harapan Bangsa Serang
CM000800,8189675782,1273383850076976,Kartika Manurung,kartika.manurung5710@gmail.com,82250983369,Katolik,"Jl. Gatot Subroto No.190, RT 13/RW 04, Binjai, Sumatera Utara",Perempuan,"Binjai, 14/02/2004",2022,SMA Swasta 23 Binjai
CM000801,7088986087,1272435030088243,Aldi Putranto,aldi.putranto8174@gmail.com,81672861049,Islam,"Jl. Raya Utama No.53, RT 15/RW 10, Pematangsiantar, Sumatera Utara",Laki-laki,"Pematangsiantar, 23/05/2004",2022,SMA Swasta 22 Pematangsiantar
CM000807,2679490088,7372048776812677,Danang Handayani,danang.handayani1194@gmail.com,88119758475,Islam,"Jl. Sudirman No.196, RT 05/RW 03, Parepare, Sulawesi Selatan",Laki-laki,"Parepare, 01/12/2004",2022,MA Swasta Plus Parepare
CM000809,1034083085,8101102947196125,Bhanu Budiman,bhanu.budiman9912@gmail.com,89548415612,Kristen,"Jl. Hayam Wuruk No.104, RT 15/RW 09, Maluku Tengah, Maluku",Laki-laki,"Maluku Tengah, 04/07/2003",2022,SMKN 8 Maluku Tengah
CM000819,6268419996,3574365371844065,Surya Nasution,surya.nasution5691@gmail.com,82262541846,Islam,"Jl. RE. Martadinata No.192, RT 13/RW 04, Probolinggo, Jawa Timur",Laki-laki,"Probolinggo, 17/02/2005",2022,SMK Negeri 24 Probolinggo
CM000822,1242889107,3672954310363506,Denny Siregar,denny.siregar5391@gmail.com,89566357397,Islam,"Jl. Diponegoro No.84, RT 20/RW 01, Cilegon, Banten",Laki-laki,"Cilegon, 02/04/2005",2022,SMAN 18 Cilegon
CM000826,7322835793,3674104388930268,Lutfi Suryadi,lutfi.suryadi7454@gmail.com,89792872301,Islam,"Jl. Cut Nyak Dien No.138, RT 03/RW 04, Tangerang Selatan, Banten",Laki-laki,"Tangerang Selatan, 17/01/2003",2022,SMA Swasta 22 Tangerang Selatan
CM000833,7230034962,3202141982603274,Rina Suryadi,rina.suryadi7841@gmail.com,81442411280,Islam,"Jl. Merdeka No.192, RT 12/RW 06, Sukabumi, Jawa Barat",Perempuan,"Sukabumi, 10/09/2005",2022,MAN 8 Sukabumi
CM000838,1434651161,3174238921015086,Leo Hartono,leo.hartono7695@gmail.com,87856274713,Islam,"Jl. Diponegoro No.189, RT 08/RW 09, Jakarta Selatan, DKI Jakarta",Laki-laki,"Jakarta Selatan, 12/08/2003",2022,SMA Negeri Unggulan Jakarta Selatan
CM000846,8376475570,3671166156260776,Dwi Kusuma,dwi.kusuma1750@gmail.com,85739813525,Hindu,"Jl. MT. Haryono No.60, RT 09/RW 06, Tangerang, Banten",Laki-laki,"Tangerang, 02/03/2005",2022,SMKN Islam Terpadu Tangerang
CM000848,5720810312,3471294362192104,Lina Prasetyo,lina.prasetyo8330@gmail.com,81571370372,Islam,"Jl. Soekarno Hatta No.15, RT 04/RW 01, Yogyakarta, DI Yogyakarta",Perempuan,"Yogyakarta, 08/03/2004",2022,MA Negeri 20 Yogyakarta
CM000854,6827539113,1472507632695153,Jenny Nugroho,jenny.nugroho9996@gmail.com,85527030510,Islam,"Jl. Pahlawan No.90, RT 10/RW 05, Dumai, Riau",Perempuan,"Dumai, 04/08/2003",2022,MA Negeri 11 Dumai
CM000863,9807332832,1471727868150972,Mirza Kurniawan,mirza.kurniawan6196@gmail.com,81330757103,Islam,"Jl. Gatot Subroto No.77, RT 09/RW 10, Pekanbaru, Riau",Laki-laki,"Pekanbaru, 15/07/2004",2022,SMKN 7 Pekanbaru
CM000866,6951506214,5272937810831054,Hani Suharto,hani.suharto605@gmail.com,89506299527,Islam,"Jl. Hayam Wuruk No.56, RT 03/RW 08, Bima, Nusa Tenggara Barat",Perempuan,"Bima, 18/12/2004",2022,MA Swasta Hasanuddin Bima
CM000869,9543280800,5203341475806539,Raka Hermawan,raka.hermawan4943@gmail.com,85869821999,Islam,"Jl. Panglima Besar No.128, RT 14/RW 04, Sumbawa, Nusa Tenggara Barat",Laki-laki,"Sumbawa, 09/04/2005",2022,SMK Swasta Muhammadiyah Sumbawa
CM000871,2198123409,3401611808827494,Priska Suharto,priska.suharto3614@gmail.com,89670014707,Islam,"Jl. Ahmad Yani No.157, RT 01/RW 06, Kulon Progo, DI Yogyakarta",Perempuan,"Kulon Progo, 01/01/2005",2022,SMK Swasta Al-Azhar Kulon Progo
CM000878,934572136,6474766250510395,Tari Azzahra,tari.azzahra3308@gmail.com,88113038268,Islam,"Jl. Panglima Besar No.112, RT 10/RW 10, Bontang, Kalimantan Timur",Perempuan,"Bontang, 27/11/2004",2022,SMK Swasta 2 Bontang
CM000882,2646464714,1172239100178236,Bagas Hidayat,bagas.hidayat5454@gmail.com,81654041973,Islam,"Jl. Imam Bonjol No.139, RT 10/RW 08, Lhokseumawe, Aceh",Laki-laki,"Lhokseumawe, 03/05/2005",2022,MA Negeri 11 Lhokseumawe
CM000904,5416613133,3171658829450070,Annisa Soetomo,annisa.soetomo5788@gmail.com,85580118464,Islam,"Jl. Sudirman No.107, RT 09/RW 02, Jakarta Pusat, DKI Jakarta",Perempuan,"Jakarta Pusat, 11/09/2004",2022,SMAN 1 Jakarta Pusat
CM000911,9690533198,3173440244687642,Agus Halim,agus.halim2045@gmail.com,87835636904,Islam,"Jl. RE. Martadinata No.179, RT 15/RW 06, Jakarta Barat, DKI Jakarta",Laki-laki,"Jakarta Barat, 11/08/2005",2022,SMA Negeri 20 Jakarta Barat
CM000914,9516274003,3202416591124811,Vivi Siregar,vivi.siregar5734@gmail.com,85784324469,Islam,"Jl. Pemuda No.112, RT 13/RW 10, Sukabumi, Jawa Barat",Perempuan,"Sukabumi, 02/08/2004",2020,SMA Negeri 25 Sukabumi
CM000932,1963543264,5108768447385739,Dedy Siregar,dedy.siregar6853@gmail.com,81309907246,Islam,"Jl. Panglima Besar No.52, RT 19/RW 01, Karangasem, Bali",Laki-laki,"Karangasem, 19/08/2004",2022,SMA Swasta Terpadu Karangasem
CM000936,3881272297,8171700118123606,Ummu Pratama,ummu.pratama1902@gmail.com,89755682479,Islam,"Jl. Pahlawan No.119, RT 09/RW 10, Ambon, Maluku",Perempuan,"Ambon, 22/01/2005",2022,MA Negeri Insan Kamil Ambon
CM000939,6867268426,1275879746109095,Rizky Hasan,rizky.hasan8472@gmail.com,81685220622,Kristen,"Jl. MT. Haryono No.96, RT 04/RW 01, Medan, Sumatera Utara",Laki-laki,"Medan, 26/08/2005",2022,SMKN 12 Medan
CM000946,5739606773,3402655582729893,Uswah Kusuma,uswah.kusuma5830@gmail.com,85786577757,Islam,"Jl. RE. Martadinata No.29, RT 10/RW 08, Bantul, DI Yogyakarta",Perempuan,"Bantul, 06/09/2005",2022,MA Negeri Ahmad Dahlan Bantul
CM000956,140736472,9407618591541211,Kevin Gunawan,kevin.gunawan5562@gmail.com,81592762532,Islam,"Jl. Soekarno Hatta No.28, RT 20/RW 08, Mimika, Papua",Laki-laki,"Mimika, 02/08/2005",2022,SMK Negeri 14 Mimika
CM000984,7532221236,1271851022753740,Maya Anggraini,maya.anggraini4918@gmail.com,83181327567,Katolik,"Jl. Ahmad Yani No.176, RT 13/RW 05, Sibolga, Sumatera Utara",Perempuan,"Sibolga, 12/02/2005",2022,SMA Negeri 5 Sibolga
CM000985,4006763916,1272328980932994,Prima Nugraha,prima.nugraha9980@gmail.com,89918525220,Islam,"Jl. MT. Haryono No.76, RT 19/RW 04, Pematangsiantar, Sumatera Utara",Laki-laki,"Pematangsiantar, 08/02/2003",2022,MAN 4 Pematangsiantar
CM000986,1328203022,3374852040137158,Sandi Lubis,sandi.lubis2391@gmail.com,89807945903,Islam,"Jl. Sisingamangaraja No.51, RT 11/RW 06, Semarang, Jawa Tengah",Laki-laki,"Semarang, 04/03/2003",2022,SMKN 24 Semarang
CM001000,4358997376,1402005790351049,Galih Kusuma,galih.kusuma914@gmail.com,88112577859,Islam,"Jl. Pemuda No.173, RT 10/RW 02, Bengkalis, Riau",Laki-laki,"Bengkalis, 16/10/2003",2022,MA Swasta Harapan Bangsa Bengkalis
